id,language,text,translation_en,contributor_id,region,dialect,date_collected,source_type,domain,reviewed,reviewer_id,reviewed_by_independent,source_url,site_name,retrieved_date,source_license,translation_source
,yor,"Ẹni ò lè ṣe bí alábàárù ní Ọ̀yìngbó, kò lè ṣe bí Adégbòrò l’ọjà Ọba.",No wealth comes cheap.,C101,,,2026-09,proverb,proverb,FALSE,,FALSE,,,,,
,yor,"Bọ́rí bá pé nílè, a díre.",It may take long; there's hope to rise again.,C101,,,2026-09,proverb,proverb,FALSE,,FALSE,,,,,
,yor,"Ojú kì í pọ́n sí i, kò máa lá.","No matter the level of suffering, there's better days ahead.",C101,,,2026-09,proverb,proverb,FALSE,,FALSE,,,,,
,yor,"Bá mi nà ọmọ mi, kó dénú olómo.",Be careful when people invite you to correct or discipline their loved ones; loyalty can easily shift back against you.,C101,,,2026-09,proverb,proverb,FALSE,,FALSE,,,,,
,yor,"Bọ́rí bá pé nílè, a díre.","It may take long, there's hope to rise again.",C101,,,2026-09,proverb,proverb,FALSE,,FALSE,,,,,
,yor,"Ẹnu ti èékáná ńlépa kò roju, bí ó ti ń re ènìyàn bẹ́ẹ̀ lo ń re ara-ọ̀run.","Persevere through hardships, because your adversary or problem is also wearing down.",C101,,,2026-09,proverb,proverb,FALSE,,FALSE,,,,,
,yor,Ilé la ti ǹ kọ́ ẹ̀ṣọ́ ròde.,Good character and upbringing must be established within the family before displaying it to the world.,C101,,,2026-09,proverb,proverb,FALSE,,FALSE,,,,,
,yor,"Ilé ọba tó jó, ẹwà ló bù sí.",Make the best of any tragic or difficult situation; good can come out of adversity.,C101,,,2026-09,proverb,proverb,FALSE,,FALSE,,,,,
,yor,"Bí àgbàda ò bá gbóná, àgbàdo ò lèè ta.","Good things do not always come easy; hard work and tough times build success (no pain, no gain).",C101,,,2026-09,proverb,proverb,FALSE,,FALSE,,,,,
,yor,"Ẹnu ti èékáná ńlépa kò roju, bí ó ti ń re ènìyàn bẹ́ẹ̀ lo ń re ara-ọ̀run.","Persevere through hardships, because your adversary or problem is also wearing down.",C101,,,2026-09,proverb,proverb,FALSE,,FALSE,,,,,
,yor,Ẹ káàárọ̀.,Good morning.,C101,,,2026-09,self-written,greetings,FALSE,,FALSE,,,,,
,yor,Ẹ káàárọ̀ o. Báwo ni?,Good morning. How are you?,C101,,,2026-09,self-written,greetings,FALSE,,FALSE,,,,,
,yor,"Ṣé dáadáa ni, mo wà pẹ̀lú àlàáfíà. Orúkọ mi ni Adé. Kí ni orúkọ ẹ?","I am fine, I am doing well. My name is Ade. What is your name?",C101,,,2026-09,self-written,greetings,FALSE,,FALSE,,,,,
,yor,Orúkọ mi ni Tálà. Nibo lo ti wá?,My name is Tala. Where do you come from?,C101,,,2026-09,self-written,greetings,FALSE,,FALSE,,,,,
,yor,Mo wá láti Èkó. Ọ̀rẹ́ mi ni mí. Ò dabo!,I am from Lagos. It is nice to meet you. Goodbye!,C101,,,2026-09,self-written,greetings,FALSE,,FALSE,,,,,
,yor,Báwo ni ojú ọ̀jọ̀ ṣe rí lónìí?,How is the weather today?,C101,,,2026-09,self-written,weather,FALSE,,FALSE,,,,,
,yor,Ògì àti àkàrà ni mo jẹ ní àárọ̀ yìí.,I ate beans cake and pap this morning.,C101,,,2026-09,self-written,food,FALSE,,FALSE,,,,,
