step,split,sentence_id,before_text,after_text
dedup_within_split,train,train-line128,Sizoni ewedde baamalira mu kyamwenda ku ttiimu 21 .,(removed - exact duplicate of earlier sentence in this split)
dedup_within_split,train,train-line8137,Bali ku nnamba Dr . Katende 0701891189 oba Nkuubi ku 0772672551 .,(removed - exact duplicate of earlier sentence in this split)
dedup_within_split,train,train-line12102,"Nanfuka yategeezezza akakiiko nti yonna gyaddukidde okufuna obuyambi tabufunye kati yabudama Kasangati ate Namugga abeera Wampeewo mu Kito , e Kamwokya tebakkirizibwa kulinnyawo .",(removed - exact duplicate of earlier sentence in this split)
dedup_within_split,train,train-line12648,Mu kiseera kino Kawala akyapooca nebiwundu mu ddwaaliro e Kiruddu .,(removed - exact duplicate of earlier sentence in this split)
dedup_within_split,train,train-line12660,"Lumumba yawaddeyo 10 , 000 , 000 okudduukirira emirimu gyabavubuka .",(removed - exact duplicate of earlier sentence in this split)
dedup_within_split,train,train-line13284,Ate Christopher Conne yakubirizza abayizi okwagala okusoma nokukujjumbira .,(removed - exact duplicate of earlier sentence in this split)
dedup_within_split,train,train-line15678,Yayongeddeko nti ekyabatutte mu kkooti kwe kulaba ngeyimiriza okuzimba okugenda mu maaso kuba kwa gadibengalye .,(removed - exact duplicate of earlier sentence in this split)
dedup_within_split,train,train-line24026,Mu birala bye baayogeddeko mwe mwabadde okusaba abaami ba Kabaka abatongole okwongera okukolaganira awamu ne bassentebe bebyalo nga waliwo omuntu aliiko ekifo kye kyatunda okwewala okusika omugwa .,(removed - exact duplicate of earlier sentence in this split)
dedup_within_split,test,test-line6998,Tujja kukutuusaako ebisingawo ku ggulire lino .,(removed - exact duplicate of earlier sentence in this split)
dedup_within_split,test,test-line7231,"Akulira poliisi ye Mpigi , Erias Twesigye agambye nti Ssebunya agguddwaako omusango gwobubbi ku fayiro nnamba SD 0518022019 era waakutwalibwa mu kkooti avunaanibwe .",(removed - exact duplicate of earlier sentence in this split)
dedup_within_split,test,test-line9150,"Cooperative eyasooka okuwandiikibwa mu 1964 , eyawandiikibwa mu 1997 yeddiza ebyobugagga bya Cooperative bye yasangawo .",(removed - exact duplicate of earlier sentence in this split)
dedup_within_split,test,test-line9949,Ensonda okuva ku poliisi e Kawempe zaategeezezza nti oluvannyuma abaserikale baafulumizza Yiga ne bamussa mu mmotoka ne bamuvuga okumutuusa ku SID e Kireka gye yasuze okutuusa Mmande gyagenda okuggyibwa atwalibwe e Kibuli awali fayiro endala .,(removed - exact duplicate of earlier sentence in this split)
cross_split_overlap_flagged_not_removed,test,test-line8708,Ye omubaka we Buvuma mu Palamenti Robert Migadde Ndugwa yagambye nti ebbanga ddene baludde nga basaba Gavumenti ebeereko kyekolera abavubi abeewaddeyo ne bava ku nvuba embi okusinga okubaleka mu bbanga ate nga bwe banaabaleka mu bbanga bagenda kuddayo bavube obwennyanja obuto .,"Ye omubaka we Buvuma mu Palamenti Robert Migadde Ndugwa yagambye nti ebbanga ddene baludde nga basaba Gavumenti ebeereko kyekolera abavubi abeewaddeyo ne bava ku nvuba embi okusinga okubaleka mu bbanga ate nga bwe banaabaleka mu bbanga bagenda kuddayo bavube obwennyanja obuto .  [ALSO IN TRAIN - kept in test per instructions, not deleted]"
bio_autofix_leading_I_to_B,train,train-line6309,I-ORG O O O O O O B-ORG I-ORG I-ORG I-ORG I-ORG O O B-ORG I-ORG I-ORG I-ORG O O O O O O O O O O O O O O O O B-LOC O O B-LOC I-LOC I-LOC I-LOC I-LOC O B-LOC O B-LOC O B-LOC I-LOC O B-LOC O,B-ORG O O O O O O B-ORG I-ORG I-ORG I-ORG I-ORG O O B-ORG I-ORG I-ORG I-ORG O O O O O O O O O O O O O O O O B-LOC O O B-LOC I-LOC I-LOC I-LOC I-LOC O B-LOC O B-LOC O B-LOC I-LOC O B-LOC O
bio_autofix_leading_I_to_B,train,train-line17415,I-PER O O O O O O B-LOC O O O O O O O O O O O B-LOC O O O B-PER I-PER O O O O O O O O O O B-PER O O O O O B-PER I-PER O O O O O O O O O O O O O O O O O O O O,B-PER O O O O O O B-LOC O O O O O O O O O O O B-LOC O O O B-PER I-PER O O O O O O O O O O B-PER O O O O O B-PER I-PER O O O O O O O O O O O O O O O O O O O O
bio_autofix_leading_I_to_B,train,train-line25539,I-PER O B-PER I-PER O O O O O O O O O O O O O O O O,B-PER O B-PER I-PER O O O O O O O O O O O O O O O O
