id,split,raw_text,processed_text,auto_flags,my_verdict,my_notes
train-rawidx9-line176,train,"Sizoni ewedde yaleeta Brian Sivachi okuva mu Nkumba , Geoffrey Soro KIU , Mike Madol UCU Canons , Amin Mkhosa Savio , Tanzania , Philip Ameny Warriors , Stephen Wundi UCU Canons ne David Opolot okuva mu Our Savior wabula era liigi negaana .","Sizoni ewedde yaleeta Brian Sivachi okuva mu Nkumba , Geoffrey Soro KIU , Mike Madol UCU Canons , Amin Mkhosa Savio , Tanzania , Philip Ameny Warriors , Stephen Wundi UCU Canons ne David Opolot okuva mu Our Savior wabula era liigi negaana .",,,
train-rawidx11-line239,train,Babu yawangudde omudaali gwa zaabu mu mpaka za National Boxing Open Championship .,Babu yawangudde omudaali gwa zaabu mu mpaka za National Boxing Open Championship .,,,
train-rawidx15-line369,train,"Nsubuga yeebazizza Gabunga olwokumulinnyisa amadaala , nawera nga bwatagenda kumuswaza .","Nsubuga yeebazizza Gabunga olwokumulinnyisa amadaala , nawera nga bwatagenda kumuswaza .",,,
train-rawidx21-line470,train,Nkumba ne Ndejje zaakukiikirira Uganda mu mpaka za African Women Volleyball Championship omwaka ogujja .,Nkumba ne Ndejje zaakukiikirira Uganda mu mpaka za African Women Volleyball Championship omwaka ogujja .,,,
train-rawidx32-line695,train,"Bannabyamizannyo abalala abaasiimiddwa kuliko ttiimu yomupiira eya Crested Cranes eyakutte ekyokusatu mu mpaka ezaabadde e South Afrika , omuzannyi wa Golf omukyala Martha Babirye eyakutte ekyokubiri mu Uganda Open , ttiimu ya Rugby eya Black Pirates eyawangudde eza Makerere Sevens nomuvuzi wa mmotoka zempaka Hassan Alwi eyawangudde eza Kabalega Rally .","Bannabyamizannyo abalala abaasiimiddwa kuliko ttiimu yomupiira eya Crested Cranes eyakutte ekyokusatu mu mpaka ezaabadde e South Afrika , omuzannyi wa Golf omukyala Martha Babirye eyakutte ekyokubiri mu Uganda Open , ttiimu ya Rugby eya Black Pirates eyawangudde eza Makerere Sevens nomuvuzi wa mmotoka zempaka Hassan Alwi eyawangudde eza Kabalega Rally .",,,
train-rawidx34-line777,train,"Singa Hamilton awangula empaka ezo , waakwongera okusemberera engule yomwaka guno .","Singa Hamilton awangula empaka ezo , waakwongera okusemberera engule yomwaka guno .",,,
train-rawidx80-line1830,train,"Kampala nemirirwano egenda kussibwamu kamera 3 , 233 mu bifo 1 , 248 era kkampuni yAbachina eya Huawei yegenda okukola omulimu guno .","Kampala nemirirwano egenda kussibwamu kamera 3 , 233 mu bifo 1 , 248 era kkampuni yAbachina eya Huawei yegenda okukola omulimu guno .",,,
train-rawidx99-line2174,train,"DPC wa Rakai , Patience Baganzi yategeezezza nti bagenda kumukwasa poliisi ye Katwe mu Kampala gye yaddiza omusango avunaanibwe .","DPC wa Rakai , Patience Baganzi yategeezezza nti bagenda kumukwasa poliisi ye Katwe mu Kampala gye yaddiza omusango avunaanibwe .",,,
train-rawidx100-line2195,train,"Baatemezza ku poliisi ye Mpigi era ngekulembeddwaamu agikulira , Erias Twesigye yagenze okutuukawo nga Kayiira ali mu mbeera mbi ne bamuddusa mu ddwaaliro .","Baatemezza ku poliisi ye Mpigi era ngekulembeddwaamu agikulira , Erias Twesigye yagenze okutuukawo nga Kayiira ali mu mbeera mbi ne bamuddusa mu ddwaaliro .",,,
train-rawidx125-line2770,train,Bano bagguddwaako omusango gwokumenya akaduukulu ku fayiro nnamba SD REF 1409082018 .,Bano bagguddwaako omusango gwokumenya akaduukulu ku fayiro nnamba SD REF 1409082018 .,,,
train-rawidx126-line2783,train,Navuga yagguddewo omusango ku poliisi yoku Kaleerwe ku fayiro nnamba SD REF1513082018 .,Navuga yagguddewo omusango ku poliisi yoku Kaleerwe ku fayiro nnamba SD REF1513082018 .,,,
train-rawidx133-line2872,train,Yabuuliridde abavubuka bano obutadda mu kwejalabya wabula bakole nga batereka okwekulakulanya .,Yabuuliridde abavubuka bano obutadda mu kwejalabya wabula bakole nga batereka okwekulakulanya .,,,
train-rawidx143-line3113,train,William Matovu akola ku byokuliyirira abakoseddwa enguudo yagambye nti abantu 16 bokka be bakyabulayo okusasulwa kuba bakyalina enkaayana ku bwannannyini ku ttaka ezikyali mu kkooti .,William Matovu akola ku byokuliyirira abakoseddwa enguudo yagambye nti abantu 16 bokka be bakyabulayo okusasulwa kuba bakyalina enkaayana ku bwannannyini ku ttaka ezikyali mu kkooti .,,,
train-rawidx192-line4316,train,Tarek Eldakdoky maneja mu kkampuni ya Arab Contructors agamba nti bamalirizza byonna era baakuwaayo emirimu egyabakwasibwa mu August 2018 .,Tarek Eldakdoky maneja mu kkampuni ya Arab Contructors agamba nti bamalirizza byonna era baakuwaayo emirimu egyabakwasibwa mu August 2018 .,,,
train-rawidx207-line4677,train,Era agamba nti abantu balina okuba neriiso eryogi okulaba abantu bano .,Era agamba nti abantu balina okuba neriiso eryogi okulaba abantu bano .,,,
train-rawidx214-line4807,train,"Mu basinze okwesunga olugendo ye Minah Inzah alabika ngagendayo omulundi ogusooka , King Saha gwakubiri ne David Lutalo , Geo Steady naye agendayo gusooka wamu ne Sheebah ate nga Juliana abeerayo nnyo .","Mu basinze okwesunga olugendo ye Minah Inzah alabika ngagendayo omulundi ogusooka , King Saha gwakubiri ne David Lutalo , Geo Steady naye agendayo gusooka wamu ne Sheebah ate nga Juliana abeerayo nnyo .",,,
train-rawidx237-line5333,train,"Ekivvulu kinokyategekeddwaokuyamba nokugattaBannayuganda ababeera e Bungereza , okusomesaabaana abatoobuwangwa nennono zaabwe .","Ekivvulu kinokyategekeddwaokuyamba nokugattaBannayuganda ababeera e Bungereza , okusomesaabaana abatoobuwangwa nennono zaabwe .",,,
train-rawidx243-line5443,train,Abamu babadde basomesa mu masomero ge nabakozi be nga Diana Nyanzi owa Horizon Campus .,Abamu babadde basomesa mu masomero ge nabakozi be nga Diana Nyanzi owa Horizon Campus .,,,
train-rawidx288-line6671,train,Bonna abanajja mu mwoleso baakumanyisibwa ku mpeereza zaffe zonna .,Bonna abanajja mu mwoleso baakumanyisibwa ku mpeereza zaffe zonna .,,,
train-rawidx298-line6884,train,Tulina ekibiina kyabalimi bentula era nze omuyima waakyo nga kirimu .,Tulina ekibiina kyabalimi bentula era nze omuyima waakyo nga kirimu .,,,
train-rawidx310-line7178,train,Abakakasizza ngekibiina bwe kirina akatale aka wano nakebweru eri bammemba baabwe abakolagana nabo okuva ku ntandikwa nga tebannasimba olwokwewala okukungula ebirime ebitakkirizibwa munsi zebweru .,Abakakasizza ngekibiina bwe kirina akatale aka wano nakebweru eri bammemba baabwe abakolagana nabo okuva ku ntandikwa nga tebannasimba olwokwewala okukungula ebirime ebitakkirizibwa munsi zebweru .,,,
train-rawidx328-line7631,train,Njagala kwongera kusima ebidiba ebirala bibiri nokutandika okulunda mu nkola ya keegi mu bidiba ebimu ebiwanvu nga kino kya kunnyongera kufuna mu ffaamu yange .,Njagala kwongera kusima ebidiba ebirala bibiri nokutandika okulunda mu nkola ya keegi mu bidiba ebimu ebiwanvu nga kino kya kunnyongera kufuna mu ffaamu yange .,,,
train-rawidx342-line7951,train,Agamba nti okuganyulwa nokufuna mu bulimi olina kusooka kubwagala nokwebuuza ku bakusingako engeri gye bakikolamu kubanga buli muntu abeera ne kyakusingako ne bwe kiba kitono wano osobole okubaako kyokola mu ngeri eyenjawulo .,Agamba nti okuganyulwa nokufuna mu bulimi olina kusooka kubwagala nokwebuuza ku bakusingako engeri gye bakikolamu kubanga buli muntu abeera ne kyakusingako ne bwe kiba kitono wano osobole okubaako kyokola mu ngeri eyenjawulo .,,,
train-rawidx364-line8451,train,Agamba addira nobukuta bwomunkoko nabusiikako nabutabula mu mmere yente nembizzi era ne kimuyamba okukkekkereza ku ssente ngemmere erinnye ebbeeyi .,Agamba addira nobukuta bwomunkoko nabusiikako nabutabula mu mmere yente nembizzi era ne kimuyamba okukkekkereza ku ssente ngemmere erinnye ebbeeyi .,,,
train-rawidx381-line8840,train,"Wabula Asupasa Nadhomi , omulimi we Bupadhengo mu ggombolola ye Nawanyago yagambye nti obuzibu abalimi bwe balina kwe kuba nti emmere eyokulya food crops ate yafuuka ya kutunda cash crops okufuna fiizi zabaana nokumala ebizibu byamaka omuli amabanja nobujanjabi .","Wabula Asupasa Nadhomi , omulimi we Bupadhengo mu ggombolola ye Nawanyago yagambye nti obuzibu abalimi bwe balina kwe kuba nti emmere eyokulya food crops ate yafuuka ya kutunda cash crops okufuna fiizi zabaana nokumala ebizibu byamaka omuli amabanja nobujanjabi .",,,
train-rawidx396-line9176,train,Yasabye nabakulembeze okubakolera amakubo agaambuka mu nsozi gye balima obummonde banguyirwe okubutwala mu katale nga bukuze .,Yasabye nabakulembeze okubakolera amakubo agaambuka mu nsozi gye balima obummonde banguyirwe okubutwala mu katale nga bukuze .,,,
train-rawidx400-line9237,train,"yagambye nti tokoma kulya magi nokugatunda wabula tandika okwaluza amagi gano buli ggi baliggyako 150 okulyalula ate akakoko nokatunda 3 , 000 akolunaku olumu mu nnaku 21 zokka .","yagambye nti tokoma kulya magi nokugatunda wabula tandika okwaluza amagi gano buli ggi baliggyako 150 okulyalula ate akakoko nokatunda 3 , 000 akolunaku olumu mu nnaku 21 zokka .",,,
train-rawidx402-line9286,train,"Kino kitegeeza nti nnyambyeko mu kukuuma obutonde ate nsimba nemiti emirala nga emisizi , ate ne we nsimba Kooko sitemawo miti .","Kino kitegeeza nti nnyambyeko mu kukuuma obutonde ate nsimba nemiti emirala nga emisizi , ate ne we nsimba Kooko sitemawo miti .",,,
train-rawidx517-line12127,train,"Yagambye nti , amasaza musanvu ge gagenda okusooka okufuna ku nsigo eno bagimeze bagabire buli maka .","Yagambye nti , amasaza musanvu ge gagenda okusooka okufuna ku nsigo eno bagimeze bagabire buli maka .",,,
train-rawidx531-line12407,train,Lutalo olwalinnye ku siteegi natandika okukuba omuziki ogwokumukumu ngeno abantu bwebakuba enduulu eyakaleekeleeke ssaako okwagala okumukwatako olwessanyu .,Lutalo olwalinnye ku siteegi natandika okukuba omuziki ogwokumukumu ngeno abantu bwebakuba enduulu eyakaleekeleeke ssaako okwagala okumukwatako olwessanyu .,,,
train-rawidx578-line13447,train,Yagambye nti olwensalo ye Katuna okuggalwa bawaliriziddwa kuyita mu nsozi ze Mirama .,Yagambye nti olwensalo ye Katuna okuggalwa bawaliriziddwa kuyita mu nsozi ze Mirama .,,,
train-rawidx628-line14747,train,"Tekinnamanyika ddi Hamza Bin Laden lwe yattiddwa nekifo gye baamutidde wabula kyategeerekese nti yattiddwa gye buvuddeko era kati aba al Qaeda bali mu kusoberwa nga banoonya omuduumizi wakabinja kaabwe omupya Amawulire agokuttibwa kwa Hamza bin Laden gaasaasaanyiziddwa emikutu gyamawulire egyenjawulo mu Amerika okuli NBC News , New York Times ne CNN .","Tekinnamanyika ddi Hamza Bin Laden lwe yattiddwa nekifo gye baamutidde wabula kyategeerekese nti yattiddwa gye buvuddeko era kati aba al Qaeda bali mu kusoberwa nga banoonya omuduumizi wakabinja kaabwe omupya Amawulire agokuttibwa kwa Hamza bin Laden gaasaasaanyiziddwa emikutu gyamawulire egyenjawulo mu Amerika okuli NBC News , New York Times ne CNN .",,,
train-rawidx645-line15208,train,"ekibinja kyabantu bakolagana nabo mu bitundu bye Kiboga , Wakiso , Luzira ne mu kibuga wakati . Amyuka omwogezi wa poliisi mu Kampala nemiriraano Luke Owoyesigyire yagambye nti poliisi yatemezeddwaako mangu negenda neggya Mugisha ku bantu abaabadde bamugajambula natwalibwa ku poliisi e Kakiri naggulwako omusango oguli ku fayiro namba SD 7529072019 . Yagambye nti Mugisha agenda kuggyibwa e Kakiri akwasibwe aba Flying Squad ayogere","ekibinja kyabantu bakolagana nabo mu bitundu bye Kiboga , Wakiso , Luzira ne mu kibuga wakati . Amyuka omwogezi wa poliisi mu Kampala nemiriraano Luke Owoyesigyire yagambye nti poliisi yatemezeddwaako mangu negenda neggya Mugisha ku bantu abaabadde bamugajambula natwalibwa ku poliisi e Kakiri naggulwako omusango oguli ku fayiro namba SD 7529072019 . Yagambye nti Mugisha agenda kuggyibwa e Kakiri akwasibwe aba Flying Squad ayogere",,,
train-rawidx654-line15429,train,Wabula ba mmemba ku lukiiko olufuga essomero baaweze nti tebagenda kumukkiriza kutwala kizimbe kya ssomero ngamanyidde ddala nti yali akizimbidde bo era nti bagenda kuttunka mu kkooti okutuusa ngabamezze .,Wabula ba mmemba ku lukiiko olufuga essomero baaweze nti tebagenda kumukkiriza kutwala kizimbe kya ssomero ngamanyidde ddala nti yali akizimbidde bo era nti bagenda kuttunka mu kkooti okutuusa ngabamezze .,,,
train-rawidx655-line15460,train,Baleese endagaano zaabwe zonna nga ziraga nga ebibanja biri Lusanja era omusango guno guddamu leero okuwulirwa oludda lwa Ssaabawolereza wa gavumenti wamu nekitongole kya KCCA .,Baleese endagaano zaabwe zonna nga ziraga nga ebibanja biri Lusanja era omusango guno guddamu leero okuwulirwa oludda lwa Ssaabawolereza wa gavumenti wamu nekitongole kya KCCA .,,,
train-rawidx662-line15626,train,Yayongeddeko nti ekyabatutte mu kkooti kwe kulaba ngeyimiriza okuzimba okugenda mu maaso kuba kwa gadibengalye .,Yayongeddeko nti ekyabatutte mu kkooti kwe kulaba ngeyimiriza okuzimba okugenda mu maaso kuba kwa gadibengalye .,,,
train-rawidx733-line17295,train,Kino kikuumidde abantu mu bwavu asabye nga baleeta ebbago lino basooke bebuuze ku bantu basobole okukola etteeka erutuukana ne bye bakola .,Kino kikuumidde abantu mu bwavu asabye nga baleeta ebbago lino basooke bebuuze ku bantu basobole okukola etteeka erutuukana ne bye bakola .,,,
train-rawidx763-line18304,train,"Ku lunaku lwe lumu abayizi bayoleseza ebitone ebyenjawulo mu nnyimba ne Katemba ngera omulamwa gwabadde gwetoloolera ku kulwanyisa obuli bwenguzi mu ggwanga nokulaga abantu nti si buli ekikolebwa , kirina okweebwako enguzi .","Ku lunaku lwe lumu abayizi bayoleseza ebitone ebyenjawulo mu nnyimba ne Katemba ngera omulamwa gwabadde gwetoloolera ku kulwanyisa obuli bwenguzi mu ggwanga nokulaga abantu nti si buli ekikolebwa , kirina okweebwako enguzi .",,,
train-rawidx771-line18533,train,"Bwe yamaze okubalaga bwe baamukuba , yabatutte we yasuula ennyondo ku kkubo eriva e Mengo okwambuka e Kabuusu .","Bwe yamaze okubalaga bwe baamukuba , yabatutte we yasuula ennyondo ku kkubo eriva e Mengo okwambuka e Kabuusu .",,,
train-rawidx789-line18893,train,"Mugisha era yabuulidde abaserikale nti buli pikipiki gye babadde babba oluvannyuma lwokutta nnyiniyo babadde babawa 300 , 000 , wabula nagamba nti si mwetegefu kwogera omugagga womu Arua abatuma kubang .","Mugisha era yabuulidde abaserikale nti buli pikipiki gye babadde babba oluvannyuma lwokutta nnyiniyo babadde babawa 300 , 000 , wabula nagamba nti si mwetegefu kwogera omugagga womu Arua abatuma kubang .",,,
train-rawidx795-line19070,train,Ngayogera ku bavubuka yabagambye nti balina okumanya nti ebirungi bye beegomba balina kusooka kubikolerera nokwettanira ennyo polojekiti za gavumenti .,Ngayogera ku bavubuka yabagambye nti balina okumanya nti ebirungi bye beegomba balina kusooka kubikolerera nokwettanira ennyo polojekiti za gavumenti .,,,
train-rawidx811-line19403,train,"Bbumba , yabakubirizza okweyambisa tekinologye nokukuuma omutindo .","Bbumba , yabakubirizza okweyambisa tekinologye nokukuuma omutindo .",,,
train-rawidx831-line19931,train,Brian Kamugira yabalabudde nti yadde babanja naye ekyokusibira abakozi mu kizimbe kyabadde kimenya amateeka .,Brian Kamugira yabalabudde nti yadde babanja naye ekyokusibira abakozi mu kizimbe kyabadde kimenya amateeka .,,,
train-rawidx902-line21753,train,Mugerwa baamugguiddeko omusango gwokulima enjaga .,Mugerwa baamugguiddeko omusango gwokulima enjaga .,,,
train-rawidx932-line22560,train,"Omulambo gwa Mugabe gusuubirwa okusooka okutwalibwako mu lubiri lwe mu Harare lwe yazimba nga muwala we Bona anaatera okwanjula era mu kwanjula okwo baalagira bannamawulire obutagezaako kukuba bifaananyi biraga nnyumba eno , bakome ku bya mukolo byokka ebyali bibaleese .","Omulambo gwa Mugabe gusuubirwa okusooka okutwalibwako mu lubiri lwe mu Harare lwe yazimba nga muwala we Bona anaatera okwanjula era mu kwanjula okwo baalagira bannamawulire obutagezaako kukuba bifaananyi biraga nnyumba eno , bakome ku bya mukolo byokka ebyali bibaleese .",,,
train-rawidx979-line23836,train,"Abatuuze be Busaana nebyalo ebirala bajjanjabiddwa endwadde ezenjawulo nga nabakyala baakebeddwa Kansa wa nabaana , okukomola , nebirala .","Abatuuze be Busaana nebyalo ebirala bajjanjabiddwa endwadde ezenjawulo nga nabakyala baakebeddwa Kansa wa nabaana , okukomola , nebirala .",,,
train-rawidx984-line23948,train,Mu birala bye baayogeddeko mwe mwabadde okusaba abaami ba Kabaka abatongole okwongera okukolaganira awamu ne bassentebe bebyalo nga waliwo omuntu aliiko ekifo kye kyatunda okwewala okusika omugwa .,Mu birala bye baayogeddeko mwe mwabadde okusaba abaami ba Kabaka abatongole okwongera okukolaganira awamu ne bassentebe bebyalo nga waliwo omuntu aliiko ekifo kye kyatunda okwewala okusika omugwa .,,,
train-rawidx987-line24026,train,Mu birala bye baayogeddeko mwe mwabadde okusaba abaami ba Kabaka abatongole okwongera okukolaganira awamu ne bassentebe bebyalo nga waliwo omuntu aliiko ekifo kye kyatunda okwewala okusika omugwa .,Mu birala bye baayogeddeko mwe mwabadde okusaba abaami ba Kabaka abatongole okwongera okukolaganira awamu ne bassentebe bebyalo nga waliwo omuntu aliiko ekifo kye kyatunda okwewala okusika omugwa .,exact_duplicate_within_split,,
train-rawidx988-line24055,train,Aba Banka Enkulu nabo baategeezezza nti bagenda kujulira kubanga tebakkiriziganya na nsala ya kkooti .,Aba Banka Enkulu nabo baategeezezza nti bagenda kujulira kubanga tebakkiriziganya na nsala ya kkooti .,,,
train-rawidx1004-line24524,train,Bano balaajanidde Muhumuza okuyingira mu nsonga zaabwe oluvannyuma lwokutukirira omubaka waabwe owa Kassanda South natabayamba .,Bano balaajanidde Muhumuza okuyingira mu nsonga zaabwe oluvannyuma lwokutukirira omubaka waabwe owa Kassanda South natabayamba .,,,
train-rawidx1020-line24913,train,Tito Okello Acholi ne Fredson Gwoto Bukedea baaweereddwa emitwalo 10 olwokusukkuluma ku bannaabwe mu mipiira gyombi ku Pece War Memorial Stadium .,Tito Okello Acholi ne Fredson Gwoto Bukedea baaweereddwa emitwalo 10 olwokusukkuluma ku bannaabwe mu mipiira gyombi ku Pece War Memorial Stadium .,,,
train-rawidx1096-line26579,train,"Abazannyi 23 be batendekeddwa ku Mande okugyako Chrizestom Ntambi , .","Abazannyi 23 be batendekeddwa ku Mande okugyako Chrizestom Ntambi , .",,,
train-rawidx1120-line27165,train,"Vipers bweba yaakugenda wala sizoni eno , erina okutereeza ekisinge .","Vipers bweba yaakugenda wala sizoni eno , erina okutereeza ekisinge .",,,
train-rawidx1153-line27981,train,"Ekibinja kino kikulembeddwa Ssingo ku bubonero 14 , Bugerere esibaganye ne Ssese ku 13 , Gomba ku 9 ne Buvuma eterinaayo kabonero .","Ekibinja kino kikulembeddwa Ssingo ku bubonero 14 , Bugerere esibaganye ne Ssese ku 13 , Gomba ku 9 ne Buvuma eterinaayo kabonero .",,,
train-rawidx1168-line28226,train,"Edward Gogola yagambye nti , Lwanga yomu ku bazannyi ababadde nekitone ekyenjawulo kuba abadde aduumira bulungi bazannyi banne ssaako nokuba nempisa .","Edward Gogola yagambye nti , Lwanga yomu ku bazannyi ababadde nekitone ekyenjawulo kuba abadde aduumira bulungi bazannyi banne ssaako nokuba nempisa .",,,
train-rawidx1171-line28277,train,"Liverpool yeetegekera Man City gyezannya ku Ssande mu Community Shield , mu mupiira oguggya ekifu ku maaso nga Premier egenda okutandika .","Liverpool yeetegekera Man City gyezannya ku Ssande mu Community Shield , mu mupiira oguggya ekifu ku maaso nga Premier egenda okutandika .",,,
train-rawidx1203-line28992,train,Empaka ziddamu ku Lwamukaaga nga Buganda ekyalira Lango mu kibuga Lira .,Empaka ziddamu ku Lwamukaaga nga Buganda ekyalira Lango mu kibuga Lira .,,,
train-rawidx1225-line29410,train,"Poliisi yagguddewo fayiro ku nnamba SD07190519 , era neggya siteetimenti ku Richard nomuserikale Osbert Paaro , eyakwatiddwa abayambeko mu kunoonyereza .","Poliisi yagguddewo fayiro ku nnamba SD07190519 , era neggya siteetimenti ku Richard nomuserikale Osbert Paaro , eyakwatiddwa abayambeko mu kunoonyereza .",,,
train-rawidx1238-line29703,train,Bagamba nti balina enteekateeka zokuzimba ettendekero lyabasawo abakola ku ndwadde ezekikugu nga baakusomesa abasawo okuva mu Buvanjuba bwa Afrika ne mu ggwanga .,Bagamba nti balina enteekateeka zokuzimba ettendekero lyabasawo abakola ku ndwadde ezekikugu nga baakusomesa abasawo okuva mu Buvanjuba bwa Afrika ne mu ggwanga .,,,
train-rawidx1243-line29863,train,"Odongo okwogera bino yabadde mu lusirika lwabakulu mu poliisi olwetabiddwaamu nomuduumizi waayo kennyini , Martin Okoth Ochola nomumyuka we ku wooteeri ya Nile Resort mu kibuga Jinja .","Odongo okwogera bino yabadde mu lusirika lwabakulu mu poliisi olwetabiddwaamu nomuduumizi waayo kennyini , Martin Okoth Ochola nomumyuka we ku wooteeri ya Nile Resort mu kibuga Jinja .",,,
train-rawidx1256-line30347,train,Yayongeddeko nti bano balina munnaabwe owookusatu gwe bakola naye era bamuyigga .,Yayongeddeko nti bano balina munnaabwe owookusatu gwe bakola naye era bamuyigga .,,,
train-rawidx1262-line30470,train,Kaddu muwalra wa Adoram ne Evelyn Nadiope abe BugabulaKamuli mu Busoga .,Kaddu muwalra wa Adoram ne Evelyn Nadiope abe BugabulaKamuli mu Busoga .,,,
train-rawidx1277-line30737,train,"Kino kitongozeddwa Kamuswaga wa Kooki Apollo Ssansa Kabumbuli II Lwampanja ku mikolo egyokukuza amatikkira ge agomulundi ogwa 15 e Lwamaggwa ku kisaawe ngali wamu nakiikiridde omukulembeze weggwanga nga ye minisita avunaanyizibwa ku bigwawo bitalaze , Musa Ecweru ngono awaddeyo obukadde 20 ku lwa Pulezidenti Museveni . Kamuswaga agamba nti olulimi Olukooki singa lunaabunyisibwa , lwa kusitula empisa mu bantu be , ennono","Kino kitongozeddwa Kamuswaga wa Kooki Apollo Ssansa Kabumbuli II Lwampanja ku mikolo egyokukuza amatikkira ge agomulundi ogwa 15 e Lwamaggwa ku kisaawe ngali wamu nakiikiridde omukulembeze weggwanga nga ye minisita avunaanyizibwa ku bigwawo bitalaze , Musa Ecweru ngono awaddeyo obukadde 20 ku lwa Pulezidenti Museveni . Kamuswaga agamba nti olulimi Olukooki singa lunaabunyisibwa , lwa kusitula empisa mu bantu be , ennono",,,
train-rawidx1308-line31637,train,Yaliko ssentebe wekibiina kyolulimi Oluganda okuva 2002 2011 .,Yaliko ssentebe wekibiina kyolulimi Oluganda okuva 2002 2011 .,,,
train-rawidx1312-line31701,train,FDC era yagambye nti tegenda kwetaba mu nsisinkano yebibiina byobufuzi ebirina ababaka mu palamenti eya IPOD ngegamba nti NRM eremeddwa okutereeza embeera yebyobusuubuzi . FDC yagambye nti egenda kugenda maaso kutalaaga ebizinga bye Buvuma ne Kalangala ngekunga abantu okuwakanya embeera yebyobufuzieriwo mu ggwanga gye baayogeddeko nti mbi .,FDC era yagambye nti tegenda kwetaba mu nsisinkano yebibiina byobufuzi ebirina ababaka mu palamenti eya IPOD ngegamba nti NRM eremeddwa okutereeza embeera yebyobusuubuzi . FDC yagambye nti egenda kugenda maaso kutalaaga ebizinga bye Buvuma ne Kalangala ngekunga abantu okuwakanya embeera yebyobufuzieriwo mu ggwanga gye baayogeddeko nti mbi .,,,
train-rawidx1335-line32178,train,Ekkanisa zitera kuwandiisibwa nga ekitongole ekya nnakyewa NGO naye ate zirina okubeera ne bammemba abali ku lukiiko olufuzi nga ne wano bammemba basooka kutuula ne basalawo ekirina okukolebwa olwobulungi bwekkanisa .,Ekkanisa zitera kuwandiisibwa nga ekitongole ekya nnakyewa NGO naye ate zirina okubeera ne bammemba abali ku lukiiko olufuzi nga ne wano bammemba basooka kutuula ne basalawo ekirina okukolebwa olwobulungi bwekkanisa .,,,
train-rawidx1373-line33130,train,"Abamu ku baasomerako e Budini kuliko eyali omumyuka wa pulezidenti Specioza Wandira Kazibwe ne Ssaabawandiisi wa NRM mu Uganda , Justine Lumumba Kasule nabalala .","Abamu ku baasomerako e Budini kuliko eyali omumyuka wa pulezidenti Specioza Wandira Kazibwe ne Ssaabawandiisi wa NRM mu Uganda , Justine Lumumba Kasule nabalala .",,,
train-rawidx1395-line33620,train,Yeenyumirizza ku kyokulwa mu buyinza nagamba nti kimuyambye okufuna obudde obumala okulwanyisa enguzi nga kati wetuuse ekendedde mu ggwanga .,Yeenyumirizza ku kyokulwa mu buyinza nagamba nti kimuyambye okufuna obudde obumala okulwanyisa enguzi nga kati wetuuse ekendedde mu ggwanga .,,,
train-rawidx1411-line34036,train,"Ye omulamuzi Pamela Lamunu omusango agwongzzaayo okutuusa nga June 10 , 2019 era nayongezaayo nekiragiro ekiyita Munyagwa mu kkooti .","Ye omulamuzi Pamela Lamunu omusango agwongzzaayo okutuusa nga June 10 , 2019 era nayongezaayo nekiragiro ekiyita Munyagwa mu kkooti .",,,
train-rawidx1422-line34274,train,"Lipoota eyafulumizibwa ekitongole ekiruamya ku byenguudo omwaka oguwedde 2018 , biraga nti abantu abasukka mu 3 , 000 be baafi ira mu bubenje ku nguudo , ate abalala 10 , 000 ne bavaawo nebisago ebyenjawulo ku nguudo ezenjawulo mu Uganda mu mwaka 2017 .","Lipoota eyafulumizibwa ekitongole ekiruamya ku byenguudo omwaka oguwedde 2018 , biraga nti abantu abasukka mu 3 , 000 be baafi ira mu bubenje ku nguudo , ate abalala 10 , 000 ne bavaawo nebisago ebyenjawulo ku nguudo ezenjawulo mu Uganda mu mwaka 2017 .",,,
dev-rawidx46-line1007,dev,"Omuzannyo guno ogwa London Quagmire , Dr . Bbosa yagambye nti gukwata ku butali butebenkevu obuli buli wamu ne mu maka .","Omuzannyo guno ogwa London Quagmire , Dr . Bbosa yagambye nti gukwata ku butali butebenkevu obuli buli wamu ne mu maka .",,,
dev-rawidx52-line1131,dev,"Yagambye nti nengeri abaana be gye bakuze , takyasobola kwecangira ku siteegi kasita ne bizinensi emukolera .","Yagambye nti nengeri abaana be gye bakuze , takyasobola kwecangira ku siteegi kasita ne bizinensi emukolera .",,,
dev-rawidx56-line1231,dev,Omusumba Muyingo Moses Bright owa Gods Healing Tower e Nabweru yamukutte ku mukono okumuteekamu ssente .,Omusumba Muyingo Moses Bright owa Gods Healing Tower e Nabweru yamukutte ku mukono okumuteekamu ssente .,,,
dev-rawidx57-line1248,dev,"Baamusasuzza 300 , 000 ne bamuleka nagenda kubanga buli lwe bamutwala ku poliisi bamuta .","Baamusasuzza 300 , 000 ne bamuleka nagenda kubanga buli lwe bamutwala ku poliisi bamuta .",,,
dev-rawidx69-line1488,dev,Owoolugambo waffe atugambye nti olwamaze okwesala Rolex ye natambula ne yeeyongerayo nga bwawoza nti era kale .,Owoolugambo waffe atugambye nti olwamaze okwesala Rolex ye natambula ne yeeyongerayo nga bwawoza nti era kale .,,,
dev-rawidx144-line3001,dev,"Owoolugambo waffe atugambye nti okumanya Kayemba yazze amazeeko , kigambibwa nti yamuggye ne Lungujja gyabadde akasibira namutwala mu kifo ekirala nga kwatadde nokumunoonyeza kkampuni nabagagga abamussaamu ssente ayakire ddala .","Owoolugambo waffe atugambye nti okumanya Kayemba yazze amazeeko , kigambibwa nti yamuggye ne Lungujja gyabadde akasibira namutwala mu kifo ekirala nga kwatadde nokumunoonyeza kkampuni nabagagga abamussaamu ssente ayakire ddala .",,,
dev-rawidx150-line3139,dev,Wano abawagizi we baatandikidde okukubagana empawa nga beebuuza nti Diamond Oscar engatto ayambala mwana akula oba .,Wano abawagizi we baatandikidde okukubagana empawa nga beebuuza nti Diamond Oscar engatto ayambala mwana akula oba .,,,
dev-rawidx163-line3360,dev,Judith Heard era yomu ku bawala abavuganya ne Zari Hussein mu kulya obulamu nokumansa ssente .,Judith Heard era yomu ku bawala abavuganya ne Zari Hussein mu kulya obulamu nokumansa ssente .,,,
dev-rawidx165-line3388,dev,Baavuddeyo bamusabira aleme kumuwa ssanyu lingi aliyinza okumumalamu amaanyi agadduka nga owa Inzikuru bwe yamukola .,Baavuddeyo bamusabira aleme kumuwa ssanyu lingi aliyinza okumumalamu amaanyi agadduka nga owa Inzikuru bwe yamukola .,,,
dev-rawidx180-line3646,dev,"Baabadde batandise okumwetooloola bamukoleko effujjo nga bagamba nti baabadde baagala kumuwa ssomo obutasoomooza kitonde kisajja , munne namutemyako naddukayo nga teyeesiikidde kanyeebwa era olwatuuse ku lukalu agavubuka ne gamugamba nti nnyabo olula .","Baabadde batandise okumwetooloola bamukoleko effujjo nga bagamba nti baabadde baagala kumuwa ssomo obutasoomooza kitonde kisajja , munne namutemyako naddukayo nga teyeesiikidde kanyeebwa era olwatuuse ku lukalu agavubuka ne gamugamba nti nnyabo olula .",,,
test-rawidx36-line836,test,Bbanka ya DTB mu kwewozaako egamba nti tebaggyangako ssente ku akawunti ya Kiggundu mu bukyamu era omusango gukyagenda mu maaso .,Bbanka ya DTB mu kwewozaako egamba nti tebaggyangako ssente ku akawunti ya Kiggundu mu bukyamu era omusango gukyagenda mu maaso .,,,
test-rawidx71-line1647,test,Yasabye buli alina kye yeemulugunya okutuukirira abekitongole kya UCC basalire wamu amagezi .,Yasabye buli alina kye yeemulugunya okutuukirira abekitongole kya UCC basalire wamu amagezi .,,,
test-rawidx82-line1887,test,Omwogezi wa Poliisi owa Kampala ne miriraano Luke Owoyesigyire agambye bwebafunye amawulire gettemu lino bayanguye mangu nebakwata Nakamwanda era engeri gyeyasimudde enyumba kirabikira ddala nti yabade alina ekigendererewa kyokutta bbaawe era bamugudeko omusango gwobutemu ngakumibwa ku poliisi ye Jinja road .,Omwogezi wa Poliisi owa Kampala ne miriraano Luke Owoyesigyire agambye bwebafunye amawulire gettemu lino bayanguye mangu nebakwata Nakamwanda era engeri gyeyasimudde enyumba kirabikira ddala nti yabade alina ekigendererewa kyokutta bbaawe era bamugudeko omusango gwobutemu ngakumibwa ku poliisi ye Jinja road .,,,
test-rawidx102-line2369,test,"Poliisi yannyonnyodde nti Sophie Gombya ne bayimbi banne okwabadde Hilary Kiyaga Dr . Hilderman , Abdul Mulaasi , Mathias Walukagga nabalala , engeri gye baalumbye poliisi nga beekalakaasa yabadde ekuma omuliro mu bawagizi babayimbi abo nabawagizi babasibe .","Poliisi yannyonnyodde nti Sophie Gombya ne bayimbi banne okwabadde Hilary Kiyaga Dr . Hilderman , Abdul Mulaasi , Mathias Walukagga nabalala , engeri gye baalumbye poliisi nga beekalakaasa yabadde ekuma omuliro mu bawagizi babayimbi abo nabawagizi babasibe .",,,
test-rawidx104-line2421,test,Akolanga Ssabalamuzi Owiny Dollo yagambye nti okussibwawo kwakakiiko kabonero akalaga nti Pulezidenti ayagala abali mu bifo byobukulembeze okweyisa obulungi .,Akolanga Ssabalamuzi Owiny Dollo yagambye nti okussibwawo kwakakiiko kabonero akalaga nti Pulezidenti ayagala abali mu bifo byobukulembeze okweyisa obulungi .,,,
test-rawidx119-line2804,test,Nagamba nti tewali kyetaagisa kukuba Bannayuganda batalina musango bbomu .,Nagamba nti tewali kyetaagisa kukuba Bannayuganda batalina musango bbomu .,,,
test-rawidx125-line2960,test,Jjajja Kyannaggolo agambye nti talina gwatebeereza okumukolera ttima nga yenna akimukoze amukwasizza Katonda .,Jjajja Kyannaggolo agambye nti talina gwatebeereza okumukolera ttima nga yenna akimukoze amukwasizza Katonda .,,,
test-rawidx137-line3212,test,"Akola ku nsonga zamaka ku poliisi ye Kawempe , Ronnah Naturinda yategeezezza nti ekimu ku bisinze okuviirako obutabanguko mu maka kwekuba nti abaami abasinga basuulawo obuvunaanyizibwa bwabwe awaka ate nga tebaagala kubagambako .","Akola ku nsonga zamaka ku poliisi ye Kawempe , Ronnah Naturinda yategeezezza nti ekimu ku bisinze okuviirako obutabanguko mu maka kwekuba nti abaami abasinga basuulawo obuvunaanyizibwa bwabwe awaka ate nga tebaagala kubagambako .",,,
test-rawidx139-line3277,test,"Emannuel Kazimbwe Bukenya , ssaabawandiisi wakakiiko kebyokulonda mu People Power yategeezezza nti bannabyabufuzi abasoba mu 850 bamaze okukomyawo empapula zaabwe nga balaga ebifo bye baagala ate abasoba mu 2 , 000 baggyeeyo empapula .","Emannuel Kazimbwe Bukenya , ssaabawandiisi wakakiiko kebyokulonda mu People Power yategeezezza nti bannabyabufuzi abasoba mu 850 bamaze okukomyawo empapula zaabwe nga balaga ebifo bye baagala ate abasoba mu 2 , 000 baggyeeyo empapula .",,,
test-rawidx143-line3399,test,Abaalambudde baakulembeddwa Juliet Lubambula owa KCCA ne Edward Ntale omu ku bakulembeze bebibiina byabasuubuzi .,Abaalambudde baakulembeddwa Juliet Lubambula owa KCCA ne Edward Ntale omu ku bakulembeze bebibiina byabasuubuzi .,,,
test-rawidx150-line3608,test,"Ssentebe wabavubuka mu Mpigi town Council , Fahad Mubiru asiimye Amelia Kyambadde olwomulimu gwabakozeemu kyokka nasaba abatuuze okwekolamu omulimu mu bintu ebibagatta naddala amazzi okwewala endwadde eziva ku bukyafu .","Ssentebe wabavubuka mu Mpigi town Council , Fahad Mubiru asiimye Amelia Kyambadde olwomulimu gwabakozeemu kyokka nasaba abatuuze okwekolamu omulimu mu bintu ebibagatta naddala amazzi okwewala endwadde eziva ku bukyafu .",,,
test-rawidx172-line4135,test,"Bano nga bakulemeddwaamu Syson Namaganda , Jesca Nnanyong Sam walusimbi , Frank Leslie , cao Nathan lujumwa owe masaka , waliyo mugwanya ssali Ignatius , Dan lutaaya , ssali Charles nga ban be London , Jjuuko justine omuzanyi we bikonde mu America , Nabukenya Harriet owe Germany , baguze ebintu ebyenjawulo omuli Obuwunga , omuceere , Sukaali nebijanjaalo ne babitikka ne Nathan ku lwa banne bonna .","Bano nga bakulemeddwaamu Syson Namaganda , Jesca Nnanyong Sam walusimbi , Frank Leslie , cao Nathan lujumwa owe masaka , waliyo mugwanya ssali Ignatius , Dan lutaaya , ssali Charles nga ban be London , Jjuuko justine omuzanyi we bikonde mu America , Nabukenya Harriet owe Germany , baguze ebintu ebyenjawulo omuli Obuwunga , omuceere , Sukaali nebijanjaalo ne babitikka ne Nathan ku lwa banne bonna .",,,
test-rawidx194-line4900,test,Omugenziyaziikiddwa ku kyalo Namalere Kawandamu disitulikiti ye Wakiso nga yalese abaana bana .,Omugenziyaziikiddwa ku kyalo Namalere Kawandamu disitulikiti ye Wakiso nga yalese abaana bana .,,,
test-rawidx232-line5864,test,Bano era baalumirizza bannamagye okuwaayiriza abagoba ba bodaboda okutuusa okubasibako ekyokubeera nemmundu ne bategeeza ngabakikola bwe basaana okuvunaanibwa gwobutujju mu lujjudde lwabantu .,Bano era baalumirizza bannamagye okuwaayiriza abagoba ba bodaboda okutuusa okubasibako ekyokubeera nemmundu ne bategeeza ngabakikola bwe basaana okuvunaanibwa gwobutujju mu lujjudde lwabantu .,,,
test-rawidx255-line6458,test,Mu Byemizannyo Mulimu engeri ManU gyesala entotto ku bazannyi baayo abaalwadde mu kiseera kino ngolutalo lwokumalira mu bifo ebina ebisooka mu Premier lweyongedde .,Mu Byemizannyo Mulimu engeri ManU gyesala entotto ku bazannyi baayo abaalwadde mu kiseera kino ngolutalo lwokumalira mu bifo ebina ebisooka mu Premier lweyongedde .,,,
test-rawidx280-line6979,test,"Matovu , Richard Mulema Mukasa , Noah Kiyimba , Henry Ssekabembe Kiberu , Rita Namyalo Kisitu nabalala .","Matovu , Richard Mulema Mukasa , Noah Kiyimba , Henry Ssekabembe Kiberu , Rita Namyalo Kisitu nabalala .",,,
test-rawidx334-line8398,test,"Dr . Rhona Magala , akulira olukiiko olwoku ntikko oluddukanya Makerere yamusaba alipoota eraga embeera kwe baasinzidde okweddiza obuyinza .","Dr . Rhona Magala , akulira olukiiko olwoku ntikko oluddukanya Makerere yamusaba alipoota eraga embeera kwe baasinzidde okweddiza obuyinza .",,,
test-rawidx340-line8556,test,Abakazi baategeezeza nti abavubuka bano batuuka nokubeekakaatikako ne babakaka akaboozi kwe kusaba poliisi eyongere ku bukuumi mu bitundu byabwe .,Abakazi baategeezeza nti abavubuka bano batuuka nokubeekakaatikako ne babakaka akaboozi kwe kusaba poliisi eyongere ku bukuumi mu bitundu byabwe .,,,
test-rawidx364-line9150,test,"Cooperative eyasooka okuwandiikibwa mu 1964 , eyawandiikibwa mu 1997 yeddiza ebyobugagga bya Cooperative bye yasangawo .","Cooperative eyasooka okuwandiikibwa mu 1964 , eyawandiikibwa mu 1997 yeddiza ebyobugagga bya Cooperative bye yasangawo .",exact_duplicate_within_split,,
test-rawidx388-line9785,test,"Ali Ssekabembe , looya wa Majjanja yagambye nti , mu wiikieno bajja kugenda mu kkooti .","Ali Ssekabembe , looya wa Majjanja yagambye nti , mu wiikieno bajja kugenda mu kkooti .",,,
