id,language,text,translation_en,auto_flags,reviewer_verdict,reviewer_correction,reviewer_notes
yor-0001,yor,"Ẹni ò lè ṣe bí alábàárù ní Ọ̀yìngbó, kò lè ṣe bí Adégbòrò l'ọjà Ọba.",No wealth comes cheap.,rare_character; diacritic_mixed_style,ok,,
yor-0002,yor,"Bọ́rí bá pé nílè, a díre.",It may take long; there's hope to rise again.,diacritic_mixed_style,ok,,
yor-0003,yor,"Ojú kì í pọ́n sí i, kò máa lá.","No matter the level of suffering, there's better days ahead.",rare_character; diacritic_mixed_style,ok,,
yor-0004,yor,"Bá mi nà ọmọ mi, kó dénú olómo.",Be careful when people invite you to correct or discipline their loved ones; loyalty can easily shift back against you.,,ok,,
yor-0006,yor,"Ẹnu ti èékáná ńlépa kò roju, bí ó ti ń re ènìyàn bẹ́ẹ̀ lo ń re ara-ọ̀run.","Persevere through hardships, because your adversary or problem is also wearing down.",rare_character; language_looks_like_other_language; diacritic_mixed_style,ok,,
yor-0007,yor,Ilé la ti ǹ kọ́ ẹ̀ṣọ́ ròde.,Good character and upbringing must be established within the family before displaying it to the world.,rare_character; diacritic_mixed_style,ok,,
yor-0008,yor,"Ilé ọba tó jó, ẹwà ló bù sí.",Make the best of any tragic or difficult situation; good can come out of adversity.,rare_character,ok,,
yor-0009,yor,"Bí àgbàda ò bá gbóná, àgbàdo ò lèè ta.","Good things do not always come easy; hard work and tough times build success (no pain, no gain).",,ok,,
yor-0011,yor,Ẹ káàárọ̀.,Good morning.,diacritic_mixed_style,ok,,
yor-0012,yor,Ẹ káàárọ̀ o. Báwo ni?,Good morning. How are you?,possible_pii; diacritic_mixed_style,ok,,
yor-0013,yor,"Ṣé dáadáa ni, mo wà pẹ̀lú àlàáfíà. Orúkọ mi ni Adé. Kí ni orúkọ ẹ?","I am fine, I am doing well. My name is Ade. What is your name?",rare_character; possible_pii; diacritic_mixed_style,ok,,
yor-0014,yor,Orúkọ mi ni Tálà. Nibo lo ti wá?,My name is Tala. Where do you come from?,rare_character; possible_pii; possible_pii,ok,,
yor-0015,yor,Mo wá láti Èkó. Ọ̀rẹ́ mi ni mí. Ò dabo!,I am from Lagos. It is nice to meet you. Goodbye!,rare_character; possible_pii; diacritic_mixed_style,ok,,
yor-0016,yor,Báwo ni ojú ọ̀jọ̀ ṣe rí lónìí?,How is the weather today?,diacritic_mixed_style,ok,,
yor-0017,yor,Ògì àti àkàrà ni mo jẹ ní àárọ̀ yìí.,I ate beans cake and pap this morning.,rare_character; diacritic_mixed_style,ok,,
